universe	__decisions	universe_id	decisions	n_subjects_ok	group_t_mean	group_t_std	group_test_t	group_test_p	per_subject	t_stats_per_subject
universe_1	{'Decision 1': 'use_asr', 'Value 1': False, 'Decision 2': 'brain_thresh', 'Value 2': 0.7, 'Decision 3': 'highpass_hz', 'Value 3': 0.1, 'Decision 4': 'lowpass_hz', 'Value 4': 40.0, 'Decision 5': 'baseline_type', 'Value 5': 'standing'}	1	{'use_asr': False, 'brain_thresh': 0.7, 'highpass_hz': 0.1, 'lowpass_hz': 40, 'baseline_type': 'standing'}	3	3.0090912218242765	2.571218599152798	1.6550508843253862	0.2397452657277569	[{'subject': 'S1', 't_stat': 6.511349823730743, 't_pval': 3.116285611506357e-10, 'beta_stance_mean': 0.555221092686174, 'beta_swing_mean': -0.32161261566479593, 'n_cycles': 302, 'n_brain_ics': 7, 'baseline_ok': True, 'use_asr': False, 'brain_thresh': 0.7, 'highpass_hz': 0.1, 'lowpass_hz': 40, 'baseline_type': 'standing', 'universe_id': 1}, {'subject': 'S3', 't_stat': 0.41097541509126573, 't_pval': 0.6814026852122934, 'beta_stance_mean': -3.515313630270416, 'beta_swing_mean': -3.56635924452998, 'n_cycles': 283, 'n_brain_ics': 11, 'baseline_ok': True, 'use_asr': False, 'brain_thresh': 0.7, 'highpass_hz': 0.1, 'lowpass_hz': 40, 'baseline_type': 'standing', 'universe_id': 1}, {'subject': 'S4', 't_stat': 2.104948426650821, 't_pval': 0.036141318637859375, 'beta_stance_mean': -1.8537336355681076, 'beta_swing_mean': -2.1133657174943683, 'n_cycles': 296, 'n_brain_ics': 5, 'baseline_ok': True, 'use_asr': False, 'brain_thresh': 0.7, 'highpass_hz': 0.1, 'lowpass_hz': 40, 'baseline_type': 'standing', 'universe_id': 1}]	[6.511349823730743, 0.41097541509126573, 2.104948426650821]
universe_2	{'Decision 1': 'use_asr', 'Value 1': False, 'Decision 2': 'brain_thresh', 'Value 2': 0.7, 'Decision 3': 'highpass_hz', 'Value 3': 0.1, 'Decision 4': 'lowpass_hz', 'Value 4': 40.0, 'Decision 5': 'baseline_type', 'Value 5': 'walking_mean'}	2	{'use_asr': False, 'brain_thresh': 0.7, 'highpass_hz': 0.1, 'lowpass_hz': 40, 'baseline_type': 'walking_mean'}	3	3.0090912218242765	2.5712185991527976	1.6550508843253866	0.23974526572775673	[{'subject': 'S1', 't_stat': 6.511349823730742, 't_pval': 3.1162856115063577e-10, 'beta_stance_mean': -2.615237613013346, 'beta_swing_mean': -3.4920713213643153, 'n_cycles': 302, 'n_brain_ics': 7, 'baseline_ok': True, 'use_asr': False, 'brain_thresh': 0.7, 'highpass_hz': 0.1, 'lowpass_hz': 40, 'baseline_type': 'walking_mean', 'universe_id': 2}, {'subject': 'S3', 't_stat': 0.41097541509126617, 't_pval': 0.681402685212293, 'beta_stance_mean': -2.6310937894166195, 'beta_swing_mean': -2.6821394036761834, 'n_cycles': 283, 'n_brain_ics': 11, 'baseline_ok': True, 'use_asr': False, 'brain_thresh': 0.7, 'highpass_hz': 0.1, 'lowpass_hz': 40, 'baseline_type': 'walking_mean', 'universe_id': 2}, {'subject': 'S4', 't_stat': 2.104948426650821, 't_pval': 0.036141318637859375, 'beta_stance_mean': -2.518042046060078, 'beta_swing_mean': -2.7776741279863395, 'n_cycles': 296, 'n_brain_ics': 5, 'baseline_ok': True, 'use_asr': False, 'brain_thresh': 0.7, 'highpass_hz': 0.1, 'lowpass_hz': 40, 'baseline_type': 'walking_mean', 'universe_id': 2}]	[6.511349823730742, 0.41097541509126617, 2.104948426650821]
universe_3	{'Decision 1': 'use_asr', 'Value 1': False, 'Decision 2': 'brain_thresh', 'Value 2': 0.7, 'Decision 3': 'highpass_hz', 'Value 3': 0.1, 'Decision 4': 'lowpass_hz', 'Value 4': nan, 'Decision 5': 'baseline_type', 'Value 5': 'standing'}	3	{'use_asr': False, 'brain_thresh': 0.7, 'highpass_hz': 0.1, 'lowpass_hz': None, 'baseline_type': 'standing'}	3	2.269516573287474	3.8387540478795734	0.8360997026487138	0.4910775828385156	[{'subject': 'S1', 't_stat': 7.598641936953934, 't_pval': 3.8465158213215075e-13, 'beta_stance_mean': 1.8971486688467933, 'beta_swing_mean': 0.9534281077430419, 'n_cycles': 301, 'n_brain_ics': 8, 'baseline_ok': True, 'use_asr': False, 'brain_thresh': 0.7, 'highpass_hz': 0.1, 'lowpass_hz': None, 'baseline_type': 'standing', 'universe_id': 3}, {'subject': 'S3', 't_stat': 0.5018184876519254, 't_pval': 0.6161867672238983, 'beta_stance_mean': -3.861928855802608, 'beta_swing_mean': -3.9227322626775973, 'n_cycles': 283, 'n_brain_ics': 15, 'baseline_ok': True, 'use_asr': False, 'brain_thresh': 0.7, 'highpass_hz': 0.1, 'lowpass_hz': None, 'baseline_type': 'standing', 'universe_id': 3}, {'subject': 'S4', 't_stat': -1.291910704743438, 't_pval': 0.1973992533744142, 'beta_stance_mean': -2.7430104325934495, 'beta_swing_mean': -2.5875562877178657, 'n_cycles': 296, 'n_brain_ics': 9, 'baseline_ok': True, 'use_asr': False, 'brain_thresh': 0.7, 'highpass_hz': 0.1, 'lowpass_hz': None, 'baseline_type': 'standing', 'universe_id': 3}]	[7.598641936953934, 0.5018184876519254, -1.291910704743438]
universe_4	{'Decision 1': 'use_asr', 'Value 1': False, 'Decision 2': 'brain_thresh', 'Value 2': 0.7, 'Decision 3': 'highpass_hz', 'Value 3': 0.1, 'Decision 4': 'lowpass_hz', 'Value 4': nan, 'Decision 5': 'baseline_type', 'Value 5': 'walking_mean'}	4	{'use_asr': False, 'brain_thresh': 0.7, 'highpass_hz': 0.1, 'lowpass_hz': None, 'baseline_type': 'walking_mean'}	3	2.269516573287474	3.8387540478795734	0.8360997026487138	0.4910775828385156	[{'subject': 'S1', 't_stat': 7.598641936953934, 't_pval': 3.8465158213215075e-13, 'beta_stance_mean': -2.329141592979424, 'beta_swing_mean': -3.272862154083176, 'n_cycles': 301, 'n_brain_ics': 8, 'baseline_ok': True, 'use_asr': False, 'brain_thresh': 0.7, 'highpass_hz': 0.1, 'lowpass_hz': None, 'baseline_type': 'walking_mean', 'universe_id': 4}, {'subject': 'S3', 't_stat': 0.5018184876519259, 't_pval': 0.6161867672238982, 'beta_stance_mean': -2.6664985259353093, 'beta_swing_mean': -2.7273019328102985, 'n_cycles': 283, 'n_brain_ics': 15, 'baseline_ok': True, 'use_asr': False, 'brain_thresh': 0.7, 'highpass_hz': 0.1, 'lowpass_hz': None, 'baseline_type': 'walking_mean', 'universe_id': 4}, {'subject': 'S4', 't_stat': -1.2919107047434382, 't_pval': 0.19739925337441414, 'beta_stance_mean': -2.5963864044912, 'beta_swing_mean': -2.440932259615616, 'n_cycles': 296, 'n_brain_ics': 9, 'baseline_ok': True, 'use_asr': False, 'brain_thresh': 0.7, 'highpass_hz': 0.1, 'lowpass_hz': None, 'baseline_type': 'walking_mean', 'universe_id': 4}]	[7.598641936953934, 0.5018184876519259, -1.2919107047434382]
universe_5	{'Decision 1': 'use_asr', 'Value 1': False, 'Decision 2': 'brain_thresh', 'Value 2': 0.7, 'Decision 3': 'highpass_hz', 'Value 3': 2.0, 'Decision 4': 'lowpass_hz', 'Value 4': 40.0, 'Decision 5': 'baseline_type', 'Value 5': 'standing'}	5	{'use_asr': False, 'brain_thresh': 0.7, 'highpass_hz': 2.0, 'lowpass_hz': 40, 'baseline_type': 'standing'}	3	-0.31965756963024894	1.142059297088605	-0.3958323980538878	0.7304631485183865	[{'subject': 'S1', 't_stat': -0.034920836312615534, 't_pval': 0.9721660120607604, 'beta_stance_mean': -2.989227863606572, 'beta_swing_mean': -2.9847112494694406, 'n_cycles': 302, 'n_brain_ics': 13, 'baseline_ok': True, 'use_asr': False, 'brain_thresh': 0.7, 'highpass_hz': 2.0, 'lowpass_hz': 40, 'baseline_type': 'standing', 'universe_id': 5}, {'subject': 'S3', 't_stat': 0.9147975460878439, 't_pval': 0.36107945894338067, 'beta_stance_mean': -4.30246316866927, 'beta_swing_mean': -4.419887271992412, 'n_cycles': 283, 'n_brain_ics': 14, 'baseline_ok': True, 'use_asr': False, 'brain_thresh': 0.7, 'highpass_hz': 2.0, 'lowpass_hz': 40, 'baseline_type': 'standing', 'universe_id': 5}, {'subject': 'S4', 't_stat': -1.8388494186659752, 't_pval': 0.0669423671823071, 'beta_stance_mean': -2.827697686670734, 'beta_swing_mean': -2.5973103587033033, 'n_cycles': 296, 'n_brain_ics': 10, 'baseline_ok': True, 'use_asr': False, 'brain_thresh': 0.7, 'highpass_hz': 2.0, 'lowpass_hz': 40, 'baseline_type': 'standing', 'universe_id': 5}]	[-0.034920836312615534, 0.9147975460878439, -1.8388494186659752]
universe_6	{'Decision 1': 'use_asr', 'Value 1': False, 'Decision 2': 'brain_thresh', 'Value 2': 0.7, 'Decision 3': 'highpass_hz', 'Value 3': 2.0, 'Decision 4': 'lowpass_hz', 'Value 4': 40.0, 'Decision 5': 'baseline_type', 'Value 5': 'walking_mean'}	6	{'use_asr': False, 'brain_thresh': 0.7, 'highpass_hz': 2.0, 'lowpass_hz': 40, 'baseline_type': 'walking_mean'}	3	-0.31965756963024916	1.142059297088605	-0.3958323980538881	0.7304631485183863	[{'subject': 'S1', 't_stat': -0.03492083631261645, 't_pval': 0.9721660120607596, 'beta_stance_mean': -2.8073462777029823, 'beta_swing_mean': -2.80282966356585, 'n_cycles': 302, 'n_brain_ics': 13, 'baseline_ok': True, 'use_asr': False, 'brain_thresh': 0.7, 'highpass_hz': 2.0, 'lowpass_hz': 40, 'baseline_type': 'walking_mean', 'universe_id': 6}, {'subject': 'S3', 't_stat': 0.9147975460878441, 't_pval': 0.36107945894338067, 'beta_stance_mean': -2.6861109748798633, 'beta_swing_mean': -2.8035350782030055, 'n_cycles': 283, 'n_brain_ics': 14, 'baseline_ok': True, 'use_asr': False, 'brain_thresh': 0.7, 'highpass_hz': 2.0, 'lowpass_hz': 40, 'baseline_type': 'walking_mean', 'universe_id': 6}, {'subject': 'S4', 't_stat': -1.8388494186659752, 't_pval': 0.0669423671823071, 'beta_stance_mean': -2.6497750606877517, 'beta_swing_mean': -2.4193877327203204, 'n_cycles': 296, 'n_brain_ics': 10, 'baseline_ok': True, 'use_asr': False, 'brain_thresh': 0.7, 'highpass_hz': 2.0, 'lowpass_hz': 40, 'baseline_type': 'walking_mean', 'universe_id': 6}]	[-0.03492083631261645, 0.9147975460878441, -1.8388494186659752]
universe_7	{'Decision 1': 'use_asr', 'Value 1': False, 'Decision 2': 'brain_thresh', 'Value 2': 0.7, 'Decision 3': 'highpass_hz', 'Value 3': 2.0, 'Decision 4': 'lowpass_hz', 'Value 4': nan, 'Decision 5': 'baseline_type', 'Value 5': 'standing'}	7	{'use_asr': False, 'brain_thresh': 0.7, 'highpass_hz': 2.0, 'lowpass_hz': None, 'baseline_type': 'standing'}	3	1.5747843545770763	1.8548423472250208	1.2006850045168194	0.35278871116817007	[{'subject': 'S1', 't_stat': 3.513934515509323, 't_pval': 0.0005095722282957785, 'beta_stance_mean': -1.5117897217968164, 'beta_swing_mean': -1.9387704000123582, 'n_cycles': 301, 'n_brain_ics': 15, 'baseline_ok': True, 'use_asr': False, 'brain_thresh': 0.7, 'highpass_hz': 2.0, 'lowpass_hz': None, 'baseline_type': 'standing', 'universe_id': 7}, {'subject': 'S3', 't_stat': 2.1350565506736072, 't_pval': 0.03361822742618672, 'beta_stance_mean': -4.032698968468773, 'beta_swing_mean': -4.3076824844089465, 'n_cycles': 283, 'n_brain_ics': 14, 'baseline_ok': True, 'use_asr': False, 'brain_thresh': 0.7, 'highpass_hz': 2.0, 'lowpass_hz': None, 'baseline_type': 'standing', 'universe_id': 7}, {'subject': 'S4', 't_stat': -0.9246380024517007, 't_pval': 0.35590996357988397, 'beta_stance_mean': -2.961647392030461, 'beta_swing_mean': -2.8460012000610844, 'n_cycles': 296, 'n_brain_ics': 8, 'baseline_ok': True, 'use_asr': False, 'brain_thresh': 0.7, 'highpass_hz': 2.0, 'lowpass_hz': None, 'baseline_type': 'standing', 'universe_id': 7}]	[3.513934515509323, 2.1350565506736072, -0.9246380024517007]
universe_8	{'Decision 1': 'use_asr', 'Value 1': False, 'Decision 2': 'brain_thresh', 'Value 2': 0.7, 'Decision 3': 'highpass_hz', 'Value 3': 2.0, 'Decision 4': 'lowpass_hz', 'Value 4': nan, 'Decision 5': 'baseline_type', 'Value 5': 'walking_mean'}	8	{'use_asr': False, 'brain_thresh': 0.7, 'highpass_hz': 2.0, 'lowpass_hz': None, 'baseline_type': 'walking_mean'}	3	1.574784354577077	1.8548423472250215	1.2006850045168198	0.3527887111681699	[{'subject': 'S1', 't_stat': 3.513934515509324, 't_pval': 0.0005095722282957761, 'beta_stance_mean': -2.5215477969723814, 'beta_swing_mean': -2.9485284751879233, 'n_cycles': 301, 'n_brain_ics': 15, 'baseline_ok': True, 'use_asr': False, 'brain_thresh': 0.7, 'highpass_hz': 2.0, 'lowpass_hz': None, 'baseline_type': 'walking_mean', 'universe_id': 8}, {'subject': 'S3', 't_stat': 2.1350565506736072, 't_pval': 0.03361822742618672, 'beta_stance_mean': -2.5860640660685537, 'beta_swing_mean': -2.861047582008729, 'n_cycles': 283, 'n_brain_ics': 14, 'baseline_ok': True, 'use_asr': False, 'brain_thresh': 0.7, 'highpass_hz': 2.0, 'lowpass_hz': None, 'baseline_type': 'walking_mean', 'universe_id': 8}, {'subject': 'S4', 't_stat': -0.9246380024517012, 't_pval': 0.3559099635798837, 'beta_stance_mean': -2.626699582146679, 'beta_swing_mean': -2.5110533901773024, 'n_cycles': 296, 'n_brain_ics': 8, 'baseline_ok': True, 'use_asr': False, 'brain_thresh': 0.7, 'highpass_hz': 2.0, 'lowpass_hz': None, 'baseline_type': 'walking_mean', 'universe_id': 8}]	[3.513934515509324, 2.1350565506736072, -0.9246380024517012]
universe_9	{'Decision 1': 'use_asr', 'Value 1': False, 'Decision 2': 'brain_thresh', 'Value 2': 0.9, 'Decision 3': 'highpass_hz', 'Value 3': 0.1, 'Decision 4': 'lowpass_hz', 'Value 4': 40.0, 'Decision 5': 'baseline_type', 'Value 5': 'standing'}	9	{'use_asr': False, 'brain_thresh': 0.9, 'highpass_hz': 0.1, 'lowpass_hz': 40, 'baseline_type': 'standing'}	3	1.172555123037782	0.8792576872648574	1.8859583278577288	0.19994804170550473	[{'subject': 'S1', 't_stat': 1.418835254329976, 't_pval': 0.15698167333354296, 'beta_stance_mean': 1.5834462390658137, 'beta_swing_mean': 1.3890166272322388, 'n_cycles': 302, 'n_brain_ics': 5, 'baseline_ok': True, 'use_asr': False, 'brain_thresh': 0.9, 'highpass_hz': 0.1, 'lowpass_hz': 40, 'baseline_type': 'standing', 'universe_id': 9}, {'subject': 'S3', 't_stat': -0.006118311867450924, 't_pval': 0.9951226497875169, 'beta_stance_mean': -3.3372379147383198, 'beta_swing_mean': -3.336474871485495, 'n_cycles': 283, 'n_brain_ics': 5, 'baseline_ok': True, 'use_asr': False, 'brain_thresh': 0.9, 'highpass_hz': 0.1, 'lowpass_hz': 40, 'baseline_type': 'standing', 'universe_id': 9}, {'subject': 'S4', 't_stat': 2.104948426650821, 't_pval': 0.036141318637859375, 'beta_stance_mean': -1.8537336355681076, 'beta_swing_mean': -2.1133657174943683, 'n_cycles': 296, 'n_brain_ics': 5, 'baseline_ok': True, 'use_asr': False, 'brain_thresh': 0.9, 'highpass_hz': 0.1, 'lowpass_hz': 40, 'baseline_type': 'standing', 'universe_id': 9}]	[1.418835254329976, -0.006118311867450924, 2.104948426650821]
universe_10	{'Decision 1': 'use_asr', 'Value 1': False, 'Decision 2': 'brain_thresh', 'Value 2': 0.9, 'Decision 3': 'highpass_hz', 'Value 3': 0.1, 'Decision 4': 'lowpass_hz', 'Value 4': 40.0, 'Decision 5': 'baseline_type', 'Value 5': 'walking_mean'}	10	{'use_asr': False, 'brain_thresh': 0.9, 'highpass_hz': 0.1, 'lowpass_hz': 40, 'baseline_type': 'walking_mean'}	3	1.172555123037782	0.8792576872648575	1.8859583278577288	0.19994804170550473	[{'subject': 'S1', 't_stat': 1.4188352543299756, 't_pval': 0.15698167333354318, 'beta_stance_mean': -2.853103925761645, 'beta_swing_mean': -3.0475335375952204, 'n_cycles': 302, 'n_brain_ics': 5, 'baseline_ok': True, 'use_asr': False, 'brain_thresh': 0.9, 'highpass_hz': 0.1, 'lowpass_hz': 40, 'baseline_type': 'walking_mean', 'universe_id': 10}, {'subject': 'S3', 't_stat': -0.006118311867451126, 't_pval': 0.9951226497875166, 'beta_stance_mean': -2.683599362994587, 'beta_swing_mean': -2.6828363197417624, 'n_cycles': 283, 'n_brain_ics': 5, 'baseline_ok': True, 'use_asr': False, 'brain_thresh': 0.9, 'highpass_hz': 0.1, 'lowpass_hz': 40, 'baseline_type': 'walking_mean', 'universe_id': 10}, {'subject': 'S4', 't_stat': 2.104948426650821, 't_pval': 0.036141318637859375, 'beta_stance_mean': -2.518042046060078, 'beta_swing_mean': -2.7776741279863395, 'n_cycles': 296, 'n_brain_ics': 5, 'baseline_ok': True, 'use_asr': False, 'brain_thresh': 0.9, 'highpass_hz': 0.1, 'lowpass_hz': 40, 'baseline_type': 'walking_mean', 'universe_id': 10}]	[1.4188352543299756, -0.006118311867451126, 2.104948426650821]
universe_11	{'Decision 1': 'use_asr', 'Value 1': False, 'Decision 2': 'brain_thresh', 'Value 2': 0.9, 'Decision 3': 'highpass_hz', 'Value 3': 0.1, 'Decision 4': 'lowpass_hz', 'Value 4': nan, 'Decision 5': 'baseline_type', 'Value 5': 'standing'}	11	{'use_asr': False, 'brain_thresh': 0.9, 'highpass_hz': 0.1, 'lowpass_hz': None, 'baseline_type': 'standing'}	3	1.6276566109636879	3.67087505727825	0.6270586762540953	0.5946609457836896	[{'subject': 'S1', 't_stat': 6.808293566929008, 't_pval': 5.3858258519602405e-11, 'beta_stance_mean': 2.075684123261119, 'beta_swing_mean': 1.2157501294478197, 'n_cycles': 301, 'n_brain_ics': 7, 'baseline_ok': True, 'use_asr': False, 'brain_thresh': 0.9, 'highpass_hz': 0.1, 'lowpass_hz': None, 'baseline_type': 'standing', 'universe_id': 11}, {'subject': 'S3', 't_stat': -0.6732900005803398, 't_pval': 0.5013142206990341, 'beta_stance_mean': -4.470844326777029, 'beta_swing_mean': -4.385384593050159, 'n_cycles': 283, 'n_brain_ics': 9, 'baseline_ok': True, 'use_asr': False, 'brain_thresh': 0.9, 'highpass_hz': 0.1, 'lowpass_hz': None, 'baseline_type': 'standing', 'universe_id': 11}, {'subject': 'S4', 't_stat': -1.2520337334576042, 't_pval': 0.21154933515428295, 'beta_stance_mean': -2.751632506557705, 'beta_swing_mean': -2.6012640666333073, 'n_cycles': 296, 'n_brain_ics': 5, 'baseline_ok': True, 'use_asr': False, 'brain_thresh': 0.9, 'highpass_hz': 0.1, 'lowpass_hz': None, 'baseline_type': 'standing', 'universe_id': 11}]	[6.808293566929008, -0.6732900005803398, -1.2520337334576042]
universe_12	{'Decision 1': 'use_asr', 'Value 1': False, 'Decision 2': 'brain_thresh', 'Value 2': 0.9, 'Decision 3': 'highpass_hz', 'Value 3': 0.1, 'Decision 4': 'lowpass_hz', 'Value 4': nan, 'Decision 5': 'baseline_type', 'Value 5': 'walking_mean'}	12	{'use_asr': False, 'brain_thresh': 0.9, 'highpass_hz': 0.1, 'lowpass_hz': None, 'baseline_type': 'walking_mean'}	3	1.6276566109636885	3.6708750572782503	0.6270586762540955	0.5946609457836894	[{'subject': 'S1', 't_stat': 6.808293566929009, 't_pval': 5.3858258519601526e-11, 'beta_stance_mean': -2.4161133077065076, 'beta_swing_mean': -3.276047301519807, 'n_cycles': 301, 'n_brain_ics': 7, 'baseline_ok': True, 'use_asr': False, 'brain_thresh': 0.9, 'highpass_hz': 0.1, 'lowpass_hz': None, 'baseline_type': 'walking_mean', 'universe_id': 12}, {'subject': 'S3', 't_stat': -0.6732900005803403, 't_pval': 0.5013142206990339, 'beta_stance_mean': -2.7512359290873114, 'beta_swing_mean': -2.665776195360442, 'n_cycles': 283, 'n_brain_ics': 9, 'baseline_ok': True, 'use_asr': False, 'brain_thresh': 0.9, 'highpass_hz': 0.1, 'lowpass_hz': None, 'baseline_type': 'walking_mean', 'universe_id': 12}, {'subject': 'S4', 't_stat': -1.2520337334576042, 't_pval': 0.21154933515428295, 'beta_stance_mean': -2.601147829486385, 'beta_swing_mean': -2.450779389561988, 'n_cycles': 296, 'n_brain_ics': 5, 'baseline_ok': True, 'use_asr': False, 'brain_thresh': 0.9, 'highpass_hz': 0.1, 'lowpass_hz': None, 'baseline_type': 'walking_mean', 'universe_id': 12}]	[6.808293566929009, -0.6732900005803403, -1.2520337334576042]
universe_13	{'Decision 1': 'use_asr', 'Value 1': False, 'Decision 2': 'brain_thresh', 'Value 2': 0.9, 'Decision 3': 'highpass_hz', 'Value 3': 2.0, 'Decision 4': 'lowpass_hz', 'Value 4': 40.0, 'Decision 5': 'baseline_type', 'Value 5': 'standing'}	13	{'use_asr': False, 'brain_thresh': 0.9, 'highpass_hz': 2.0, 'lowpass_hz': 40, 'baseline_type': 'standing'}	3	0.18069023004465254	1.4371260929125982	0.17780943173857117	0.875251893883879	[{'subject': 'S1', 't_stat': 1.6447924672003182, 't_pval': 0.10105651350988168, 'beta_stance_mean': -2.7910277066952447, 'beta_swing_mean': -3.000349057127486, 'n_cycles': 302, 'n_brain_ics': 9, 'baseline_ok': True, 'use_asr': False, 'brain_thresh': 0.9, 'highpass_hz': 2.0, 'lowpass_hz': 40, 'baseline_type': 'standing', 'universe_id': 13}, {'subject': 'S3', 't_stat': 0.6694177931950746, 't_pval': 0.5037767029376434, 'beta_stance_mean': -4.387904127025757, 'beta_swing_mean': -4.474235018124701, 'n_cycles': 283, 'n_brain_ics': 12, 'baseline_ok': True, 'use_asr': False, 'brain_thresh': 0.9, 'highpass_hz': 2.0, 'lowpass_hz': 40, 'baseline_type': 'standing', 'universe_id': 13}, {'subject': 'S4', 't_stat': -1.7721395702614353, 't_pval': 0.07740351913104812, 'beta_stance_mean': -2.828663450728283, 'beta_swing_mean': -2.610455184985943, 'n_cycles': 296, 'n_brain_ics': 9, 'baseline_ok': True, 'use_asr': False, 'brain_thresh': 0.9, 'highpass_hz': 2.0, 'lowpass_hz': 40, 'baseline_type': 'standing', 'universe_id': 13}]	[1.6447924672003182, 0.6694177931950746, -1.7721395702614353]
universe_14	{'Decision 1': 'use_asr', 'Value 1': False, 'Decision 2': 'brain_thresh', 'Value 2': 0.9, 'Decision 3': 'highpass_hz', 'Value 3': 2.0, 'Decision 4': 'lowpass_hz', 'Value 4': 40.0, 'Decision 5': 'baseline_type', 'Value 5': 'walking_mean'}	14	{'use_asr': False, 'brain_thresh': 0.9, 'highpass_hz': 2.0, 'lowpass_hz': 40, 'baseline_type': 'walking_mean'}	3	0.1806902300446526	1.437126092912598	0.17780943173857128	0.8752518938838789	[{'subject': 'S1', 't_stat': 1.644792467200318, 't_pval': 0.10105651350988167, 'beta_stance_mean': -2.716843618435317, 'beta_swing_mean': -2.926164968867558, 'n_cycles': 302, 'n_brain_ics': 9, 'baseline_ok': True, 'use_asr': False, 'brain_thresh': 0.9, 'highpass_hz': 2.0, 'lowpass_hz': 40, 'baseline_type': 'walking_mean', 'universe_id': 14}, {'subject': 'S3', 't_stat': 0.6694177931950746, 't_pval': 0.5037767029376434, 'beta_stance_mean': -2.702483070400662, 'beta_swing_mean': -2.788813961499607, 'n_cycles': 283, 'n_brain_ics': 12, 'baseline_ok': True, 'use_asr': False, 'brain_thresh': 0.9, 'highpass_hz': 2.0, 'lowpass_hz': 40, 'baseline_type': 'walking_mean', 'universe_id': 14}, {'subject': 'S4', 't_stat': -1.7721395702614346, 't_pval': 0.07740351913104823, 'beta_stance_mean': -2.65627301788489, 'beta_swing_mean': -2.4380647521425503, 'n_cycles': 296, 'n_brain_ics': 9, 'baseline_ok': True, 'use_asr': False, 'brain_thresh': 0.9, 'highpass_hz': 2.0, 'lowpass_hz': 40, 'baseline_type': 'walking_mean', 'universe_id': 14}]	[1.644792467200318, 0.6694177931950746, -1.7721395702614346]
universe_15	{'Decision 1': 'use_asr', 'Value 1': False, 'Decision 2': 'brain_thresh', 'Value 2': 0.9, 'Decision 3': 'highpass_hz', 'Value 3': 2.0, 'Decision 4': 'lowpass_hz', 'Value 4': nan, 'Decision 5': 'baseline_type', 'Value 5': 'standing'}	15	{'use_asr': False, 'brain_thresh': 0.9, 'highpass_hz': 2.0, 'lowpass_hz': None, 'baseline_type': 'standing'}	3	5.087633981324492	7.36030505625771	0.9775411374644254	0.43139170276883726	[{'subject': 'S1', 't_stat': 15.45520147361383, 't_pval': 4.4991044582542386e-40, 'beta_stance_mean': 3.0996004168595817, 'beta_swing_mean': 1.3274039891986047, 'n_cycles': 302, 'n_brain_ics': 7, 'baseline_ok': True, 'use_asr': False, 'brain_thresh': 0.9, 'highpass_hz': 2.0, 'lowpass_hz': None, 'baseline_type': 'standing', 'universe_id': 15}, {'subject': 'S3', 't_stat': 0.7077743618100935, 't_pval': 0.4796699335144857, 'beta_stance_mean': -4.619479121120706, 'beta_swing_mean': -4.714445617827699, 'n_cycles': 283, 'n_brain_ics': 11, 'baseline_ok': True, 'use_asr': False, 'brain_thresh': 0.9, 'highpass_hz': 2.0, 'lowpass_hz': None, 'baseline_type': 'standing', 'universe_id': 15}, {'subject': 'S4', 't_stat': -0.9000738914504448, 't_pval': 0.36881508381698286, 'beta_stance_mean': -2.959009253763905, 'beta_swing_mean': -2.8459066908225243, 'n_cycles': 296, 'n_brain_ics': 7, 'baseline_ok': True, 'use_asr': False, 'brain_thresh': 0.9, 'highpass_hz': 2.0, 'lowpass_hz': None, 'baseline_type': 'standing', 'universe_id': 15}]	[15.45520147361383, 0.7077743618100935, -0.9000738914504448]
universe_16	{'Decision 1': 'use_asr', 'Value 1': False, 'Decision 2': 'brain_thresh', 'Value 2': 0.9, 'Decision 3': 'highpass_hz', 'Value 3': 2.0, 'Decision 4': 'lowpass_hz', 'Value 4': nan, 'Decision 5': 'baseline_type', 'Value 5': 'walking_mean'}	16	{'use_asr': False, 'brain_thresh': 0.9, 'highpass_hz': 2.0, 'lowpass_hz': None, 'baseline_type': 'walking_mean'}	3	5.087633981324492	7.36030505625771	0.9775411374644254	0.43139170276883726	[{'subject': 'S1', 't_stat': 15.45520147361383, 't_pval': 4.4991044582542386e-40, 'beta_stance_mean': -2.115639719975869, 'beta_swing_mean': -3.8878361476368464, 'n_cycles': 302, 'n_brain_ics': 7, 'baseline_ok': True, 'use_asr': False, 'brain_thresh': 0.9, 'highpass_hz': 2.0, 'lowpass_hz': None, 'baseline_type': 'walking_mean', 'universe_id': 16}, {'subject': 'S3', 't_stat': 0.7077743618100933, 't_pval': 0.47966993351448584, 'beta_stance_mean': -2.695210421091883, 'beta_swing_mean': -2.7901769177988758, 'n_cycles': 283, 'n_brain_ics': 11, 'baseline_ok': True, 'use_asr': False, 'brain_thresh': 0.9, 'highpass_hz': 2.0, 'lowpass_hz': None, 'baseline_type': 'walking_mean', 'universe_id': 16}, {'subject': 'S4', 't_stat': -0.900073891450445, 't_pval': 0.3688150838169827, 'beta_stance_mean': -2.618988379801912, 'beta_swing_mean': -2.505885816860531, 'n_cycles': 296, 'n_brain_ics': 7, 'baseline_ok': True, 'use_asr': False, 'brain_thresh': 0.9, 'highpass_hz': 2.0, 'lowpass_hz': None, 'baseline_type': 'walking_mean', 'universe_id': 16}]	[15.45520147361383, 0.7077743618100933, -0.900073891450445]
universe_17	{'Decision 1': 'use_asr', 'Value 1': True, 'Decision 2': 'brain_thresh', 'Value 2': 0.7, 'Decision 3': 'highpass_hz', 'Value 3': 0.1, 'Decision 4': 'lowpass_hz', 'Value 4': 40.0, 'Decision 5': 'baseline_type', 'Value 5': 'standing'}	17	{'use_asr': True, 'brain_thresh': 0.7, 'highpass_hz': 0.1, 'lowpass_hz': 40, 'baseline_type': 'standing'}	3	0.6690620515933557	0.5682384070016634	1.6651402224378709	0.23779971104087422	[{'subject': 'S1', 't_stat': 1.4205493738457553, 't_pval': 0.15648283000995866, 'beta_stance_mean': -1.339691263207574, 'beta_swing_mean': -1.52874264727697, 'n_cycles': 302, 'n_brain_ics': 6, 'baseline_ok': True, 'use_asr': True, 'brain_thresh': 0.7, 'highpass_hz': 0.1, 'lowpass_hz': 40, 'baseline_type': 'standing', 'universe_id': 17}, {'subject': 'S3', 't_stat': 0.0467571725959732, 't_pval': 0.9627398577511618, 'beta_stance_mean': -3.4084629473952455, 'beta_swing_mean': -3.414664653536383, 'n_cycles': 283, 'n_brain_ics': 12, 'baseline_ok': True, 'use_asr': True, 'brain_thresh': 0.7, 'highpass_hz': 0.1, 'lowpass_hz': 40, 'baseline_type': 'standing', 'universe_id': 17}, {'subject': 'S4', 't_stat': 0.5398796083383389, 't_pval': 0.5896873576934402, 'beta_stance_mean': -2.312944516843639, 'beta_swing_mean': -2.3790886418582726, 'n_cycles': 296, 'n_brain_ics': 9, 'baseline_ok': True, 'use_asr': True, 'brain_thresh': 0.7, 'highpass_hz': 0.1, 'lowpass_hz': 40, 'baseline_type': 'standing', 'universe_id': 17}]	[1.4205493738457553, 0.0467571725959732, 0.5398796083383389]
universe_18	{'Decision 1': 'use_asr', 'Value 1': True, 'Decision 2': 'brain_thresh', 'Value 2': 0.7, 'Decision 3': 'highpass_hz', 'Value 3': 0.1, 'Decision 4': 'lowpass_hz', 'Value 4': 40.0, 'Decision 5': 'baseline_type', 'Value 5': 'walking_mean'}	18	{'use_asr': True, 'brain_thresh': 0.7, 'highpass_hz': 0.1, 'lowpass_hz': 40, 'baseline_type': 'walking_mean'}	3	0.669062051593356	0.5682384070016637	1.6651402224378704	0.2377997110408743	[{'subject': 'S1', 't_stat': 1.4205493738457557, 't_pval': 0.15648283000995847, 'beta_stance_mean': -2.6763947755301394, 'beta_swing_mean': -2.8654461595995357, 'n_cycles': 302, 'n_brain_ics': 6, 'baseline_ok': True, 'use_asr': True, 'brain_thresh': 0.7, 'highpass_hz': 0.1, 'lowpass_hz': 40, 'baseline_type': 'walking_mean', 'universe_id': 18}, {'subject': 'S3', 't_stat': 0.04675717259597315, 't_pval': 0.9627398577511618, 'beta_stance_mean': -2.7533076221364614, 'beta_swing_mean': -2.759509328277598, 'n_cycles': 283, 'n_brain_ics': 12, 'baseline_ok': True, 'use_asr': True, 'brain_thresh': 0.7, 'highpass_hz': 0.1, 'lowpass_hz': 40, 'baseline_type': 'walking_mean', 'universe_id': 18}, {'subject': 'S4', 't_stat': 0.5398796083383387, 't_pval': 0.5896873576934403, 'beta_stance_mean': -2.576207148347953, 'beta_swing_mean': -2.6423512733625865, 'n_cycles': 296, 'n_brain_ics': 9, 'baseline_ok': True, 'use_asr': True, 'brain_thresh': 0.7, 'highpass_hz': 0.1, 'lowpass_hz': 40, 'baseline_type': 'walking_mean', 'universe_id': 18}]	[1.4205493738457557, 0.04675717259597315, 0.5398796083383387]
universe_19	{'Decision 1': 'use_asr', 'Value 1': True, 'Decision 2': 'brain_thresh', 'Value 2': 0.7, 'Decision 3': 'highpass_hz', 'Value 3': 0.1, 'Decision 4': 'lowpass_hz', 'Value 4': nan, 'Decision 5': 'baseline_type', 'Value 5': 'standing'}	19	{'use_asr': True, 'brain_thresh': 0.7, 'highpass_hz': 0.1, 'lowpass_hz': None, 'baseline_type': 'standing'}	3	0.5821189926276578	2.9510161730315034	0.2789685064461383	0.8064688586096883	[{'subject': 'S1', 't_stat': 4.692074335700288, 't_pval': 4.110527345936035e-06, 'beta_stance_mean': -1.887062201266411, 'beta_swing_mean': -2.3908068958196056, 'n_cycles': 302, 'n_brain_ics': 8, 'baseline_ok': True, 'use_asr': True, 'brain_thresh': 0.7, 'highpass_hz': 0.1, 'lowpass_hz': None, 'baseline_type': 'standing', 'universe_id': 19}, {'subject': 'S3', 't_stat': -0.8452083075220056, 't_pval': 0.3987110787607598, 'beta_stance_mean': -3.520800348802074, 'beta_swing_mean': -3.4136422302663756, 'n_cycles': 283, 'n_brain_ics': 14, 'baseline_ok': True, 'use_asr': True, 'brain_thresh': 0.7, 'highpass_hz': 0.1, 'lowpass_hz': None, 'baseline_type': 'standing', 'universe_id': 19}, {'subject': 'S4', 't_stat': -2.100509050295309, 't_pval': 0.03653277115538282, 'beta_stance_mean': -3.0186547339595777, 'beta_swing_mean': -2.7402979719630363, 'n_cycles': 296, 'n_brain_ics': 9, 'baseline_ok': True, 'use_asr': True, 'brain_thresh': 0.7, 'highpass_hz': 0.1, 'lowpass_hz': None, 'baseline_type': 'standing', 'universe_id': 19}]	[4.692074335700288, -0.8452083075220056, -2.100509050295309]
universe_20	{'Decision 1': 'use_asr', 'Value 1': True, 'Decision 2': 'brain_thresh', 'Value 2': 0.7, 'Decision 3': 'highpass_hz', 'Value 3': 0.1, 'Decision 4': 'lowpass_hz', 'Value 4': nan, 'Decision 5': 'baseline_type', 'Value 5': 'walking_mean'}	20	{'use_asr': True, 'brain_thresh': 0.7, 'highpass_hz': 0.1, 'lowpass_hz': None, 'baseline_type': 'walking_mean'}	3	0.5821189926276582	2.9510161730315025	0.2789685064461386	0.8064688586096881	[{'subject': 'S1', 't_stat': 4.692074335700288, 't_pval': 4.110527345936035e-06, 'beta_stance_mean': -2.3912198680712184, 'beta_swing_mean': -2.8949645626244127, 'n_cycles': 302, 'n_brain_ics': 8, 'baseline_ok': True, 'use_asr': True, 'brain_thresh': 0.7, 'highpass_hz': 0.1, 'lowpass_hz': None, 'baseline_type': 'walking_mean', 'universe_id': 20}, {'subject': 'S3', 't_stat': -0.845208307522005, 't_pval': 0.39871107876076006, 'beta_stance_mean': -2.6858237677157413, 'beta_swing_mean': -2.5786656491800444, 'n_cycles': 283, 'n_brain_ics': 14, 'baseline_ok': True, 'use_asr': True, 'brain_thresh': 0.7, 'highpass_hz': 0.1, 'lowpass_hz': None, 'baseline_type': 'walking_mean', 'universe_id': 20}, {'subject': 'S4', 't_stat': -2.100509050295308, 't_pval': 0.036532771155382913, 'beta_stance_mean': -2.753890968707003, 'beta_swing_mean': -2.4755342067104613, 'n_cycles': 296, 'n_brain_ics': 9, 'baseline_ok': True, 'use_asr': True, 'brain_thresh': 0.7, 'highpass_hz': 0.1, 'lowpass_hz': None, 'baseline_type': 'walking_mean', 'universe_id': 20}]	[4.692074335700288, -0.845208307522005, -2.100509050295308]
universe_21	{'Decision 1': 'use_asr', 'Value 1': True, 'Decision 2': 'brain_thresh', 'Value 2': 0.7, 'Decision 3': 'highpass_hz', 'Value 3': 2.0, 'Decision 4': 'lowpass_hz', 'Value 4': 40.0, 'Decision 5': 'baseline_type', 'Value 5': 'standing'}	21	{'use_asr': True, 'brain_thresh': 0.7, 'highpass_hz': 2.0, 'lowpass_hz': 40, 'baseline_type': 'standing'}	3	-0.05143524536351044	1.1182803225613918	-0.06504667936072979	0.9540536268394186	[{'subject': 'S1', 't_stat': 0.4976219065052432, 't_pval': 0.6191138917821729, 'beta_stance_mean': -3.752223018517749, 'beta_swing_mean': -3.8154051878806796, 'n_cycles': 302, 'n_brain_ics': 14, 'baseline_ok': True, 'use_asr': True, 'brain_thresh': 0.7, 'highpass_hz': 2.0, 'lowpass_hz': 40, 'baseline_type': 'standing', 'universe_id': 21}, {'subject': 'S3', 't_stat': 0.9584537520513506, 't_pval': 0.338654997983496, 'beta_stance_mean': -4.271906956940712, 'beta_swing_mean': -4.393987970879302, 'n_cycles': 283, 'n_brain_ics': 16, 'baseline_ok': True, 'use_asr': True, 'brain_thresh': 0.7, 'highpass_hz': 2.0, 'lowpass_hz': 40, 'baseline_type': 'standing', 'universe_id': 21}, {'subject': 'S4', 't_stat': -1.6103813946471253, 't_pval': 0.10838408053794304, 'beta_stance_mean': -2.829553791131166, 'beta_swing_mean': -2.626915790226888, 'n_cycles': 296, 'n_brain_ics': 10, 'baseline_ok': True, 'use_asr': True, 'brain_thresh': 0.7, 'highpass_hz': 2.0, 'lowpass_hz': 40, 'baseline_type': 'standing', 'universe_id': 21}]	[0.4976219065052432, 0.9584537520513506, -1.6103813946471253]
universe_22	{'Decision 1': 'use_asr', 'Value 1': True, 'Decision 2': 'brain_thresh', 'Value 2': 0.7, 'Decision 3': 'highpass_hz', 'Value 3': 2.0, 'Decision 4': 'lowpass_hz', 'Value 4': 40.0, 'Decision 5': 'baseline_type', 'Value 5': 'walking_mean'}	22	{'use_asr': True, 'brain_thresh': 0.7, 'highpass_hz': 2.0, 'lowpass_hz': 40, 'baseline_type': 'walking_mean'}	3	-0.051435245363510886	1.1182803225613915	-0.06504667936073036	0.9540536268394182	[{'subject': 'S1', 't_stat': 0.4976219065052425, 't_pval': 0.6191138917821734, 'beta_stance_mean': -2.703244562345687, 'beta_swing_mean': -2.7664267317086173, 'n_cycles': 302, 'n_brain_ics': 14, 'baseline_ok': True, 'use_asr': True, 'brain_thresh': 0.7, 'highpass_hz': 2.0, 'lowpass_hz': 40, 'baseline_type': 'walking_mean', 'universe_id': 22}, {'subject': 'S3', 't_stat': 0.9584537520513501, 't_pval': 0.33865499798349635, 'beta_stance_mean': -2.6684081633708443, 'beta_swing_mean': -2.790489177309435, 'n_cycles': 283, 'n_brain_ics': 16, 'baseline_ok': True, 'use_asr': True, 'brain_thresh': 0.7, 'highpass_hz': 2.0, 'lowpass_hz': 40, 'baseline_type': 'walking_mean', 'universe_id': 22}, {'subject': 'S4', 't_stat': -1.6103813946471253, 't_pval': 0.10838408053794304, 'beta_stance_mean': -2.6202247121229236, 'beta_swing_mean': -2.4175867112186453, 'n_cycles': 296, 'n_brain_ics': 10, 'baseline_ok': True, 'use_asr': True, 'brain_thresh': 0.7, 'highpass_hz': 2.0, 'lowpass_hz': 40, 'baseline_type': 'walking_mean', 'universe_id': 22}]	[0.4976219065052425, 0.9584537520513501, -1.6103813946471253]
universe_23	{'Decision 1': 'use_asr', 'Value 1': True, 'Decision 2': 'brain_thresh', 'Value 2': 0.7, 'Decision 3': 'highpass_hz', 'Value 3': 2.0, 'Decision 4': 'lowpass_hz', 'Value 4': nan, 'Decision 5': 'baseline_type', 'Value 5': 'standing'}	23	{'use_asr': True, 'brain_thresh': 0.7, 'highpass_hz': 2.0, 'lowpass_hz': None, 'baseline_type': 'standing'}	3	0.6226899840413701	0.5921905936390511	1.4870493216951375	0.2753697259707158	[{'subject': 'S1', 't_stat': 0.730353255864637, 't_pval': 0.4657423425115509, 'beta_stance_mean': -4.1645242128685975, 'beta_swing_mean': -4.253583239690518, 'n_cycles': 302, 'n_brain_ics': 15, 'baseline_ok': True, 'use_asr': True, 'brain_thresh': 0.7, 'highpass_hz': 2.0, 'lowpass_hz': None, 'baseline_type': 'standing', 'universe_id': 23}, {'subject': 'S3', 't_stat': 1.2881225650327393, 't_pval': 0.19875923829675515, 'beta_stance_mean': -4.2660169959441605, 'beta_swing_mean': -4.4378791741504635, 'n_cycles': 283, 'n_brain_ics': 15, 'baseline_ok': True, 'use_asr': True, 'brain_thresh': 0.7, 'highpass_hz': 2.0, 'lowpass_hz': None, 'baseline_type': 'standing', 'universe_id': 23}, {'subject': 'S4', 't_stat': -0.15040586877326606, 't_pval': 0.8805471982606689, 'beta_stance_mean': -2.9591057748510785, 'beta_swing_mean': -2.9399528433476574, 'n_cycles': 296, 'n_brain_ics': 8, 'baseline_ok': True, 'use_asr': True, 'brain_thresh': 0.7, 'highpass_hz': 2.0, 'lowpass_hz': None, 'baseline_type': 'standing', 'universe_id': 23}]	[0.730353255864637, 1.2881225650327393, -0.15040586877326606]
universe_24	{'Decision 1': 'use_asr', 'Value 1': True, 'Decision 2': 'brain_thresh', 'Value 2': 0.7, 'Decision 3': 'highpass_hz', 'Value 3': 2.0, 'Decision 4': 'lowpass_hz', 'Value 4': nan, 'Decision 5': 'baseline_type', 'Value 5': 'walking_mean'}	24	{'use_asr': True, 'brain_thresh': 0.7, 'highpass_hz': 2.0, 'lowpass_hz': None, 'baseline_type': 'walking_mean'}	3	0.6226899840413702	0.5921905936390509	1.4870493216951381	0.27536972597071574	[{'subject': 'S1', 't_stat': 0.7303532558646373, 't_pval': 0.46574234251155067, 'beta_stance_mean': -2.6155799348302153, 'beta_swing_mean': -2.7046389616521354, 'n_cycles': 302, 'n_brain_ics': 15, 'baseline_ok': True, 'use_asr': True, 'brain_thresh': 0.7, 'highpass_hz': 2.0, 'lowpass_hz': None, 'baseline_type': 'walking_mean', 'universe_id': 24}, {'subject': 'S3', 't_stat': 1.288122565032739, 't_pval': 0.19875923829675524, 'beta_stance_mean': -2.638206804503044, 'beta_swing_mean': -2.8100689827093466, 'n_cycles': 283, 'n_brain_ics': 15, 'baseline_ok': True, 'use_asr': True, 'brain_thresh': 0.7, 'highpass_hz': 2.0, 'lowpass_hz': None, 'baseline_type': 'walking_mean', 'universe_id': 24}, {'subject': 'S4', 't_stat': -0.15040586877326576, 't_pval': 0.8805471982606691, 'beta_stance_mean': -2.58354036817234, 'beta_swing_mean': -2.5643874366689188, 'n_cycles': 296, 'n_brain_ics': 8, 'baseline_ok': True, 'use_asr': True, 'brain_thresh': 0.7, 'highpass_hz': 2.0, 'lowpass_hz': None, 'baseline_type': 'walking_mean', 'universe_id': 24}]	[0.7303532558646373, 1.288122565032739, -0.15040586877326576]
universe_25	{'Decision 1': 'use_asr', 'Value 1': True, 'Decision 2': 'brain_thresh', 'Value 2': 0.9, 'Decision 3': 'highpass_hz', 'Value 3': 0.1, 'Decision 4': 'lowpass_hz', 'Value 4': 40.0, 'Decision 5': 'baseline_type', 'Value 5': 'standing'}	25	{'use_asr': True, 'brain_thresh': 0.9, 'highpass_hz': 0.1, 'lowpass_hz': 40, 'baseline_type': 'standing'}	3	0.7137212464491874	0.6486974949601689	1.5559706555429926	0.2599876797840897	[{'subject': 'S1', 't_stat': 1.6311120465776385, 't_pval': 0.103912505271287, 'beta_stance_mean': -1.3299488402286215, 'beta_swing_mean': -1.5478445410986967, 'n_cycles': 302, 'n_brain_ics': 4, 'baseline_ok': True, 'use_asr': True, 'brain_thresh': 0.9, 'highpass_hz': 0.1, 'lowpass_hz': 40, 'baseline_type': 'standing', 'universe_id': 25}, {'subject': 'S3', 't_stat': 0.25215359445349184, 't_pval': 0.8011060237679687, 'beta_stance_mean': -3.68545286962446, 'beta_swing_mean': -3.7200615267369495, 'n_cycles': 283, 'n_brain_ics': 9, 'baseline_ok': True, 'use_asr': True, 'brain_thresh': 0.9, 'highpass_hz': 0.1, 'lowpass_hz': 40, 'baseline_type': 'standing', 'universe_id': 25}, {'subject': 'S4', 't_stat': 0.25789809831643207, 't_pval': 0.7966653712110928, 'beta_stance_mean': -2.366718555950735, 'beta_swing_mean': -2.3986256342588113, 'n_cycles': 296, 'n_brain_ics': 4, 'baseline_ok': True, 'use_asr': True, 'brain_thresh': 0.9, 'highpass_hz': 0.1, 'lowpass_hz': 40, 'baseline_type': 'standing', 'universe_id': 25}]	[1.6311120465776385, 0.25215359445349184, 0.25789809831643207]
universe_26	{'Decision 1': 'use_asr', 'Value 1': True, 'Decision 2': 'brain_thresh', 'Value 2': 0.9, 'Decision 3': 'highpass_hz', 'Value 3': 0.1, 'Decision 4': 'lowpass_hz', 'Value 4': 40.0, 'Decision 5': 'baseline_type', 'Value 5': 'walking_mean'}	26	{'use_asr': True, 'brain_thresh': 0.9, 'highpass_hz': 0.1, 'lowpass_hz': 40, 'baseline_type': 'walking_mean'}	3	0.7137212464491874	0.6486974949601685	1.5559706555429935	0.25998767978408954	[{'subject': 'S1', 't_stat': 1.6311120465776379, 't_pval': 0.1039125052712871, 'beta_stance_mean': -2.6408020666752923, 'beta_swing_mean': -2.858697767545368, 'n_cycles': 302, 'n_brain_ics': 4, 'baseline_ok': True, 'use_asr': True, 'brain_thresh': 0.9, 'highpass_hz': 0.1, 'lowpass_hz': 40, 'baseline_type': 'walking_mean', 'universe_id': 26}, {'subject': 'S3', 't_stat': 0.252153594453492, 't_pval': 0.8011060237679687, 'beta_stance_mean': -2.7495510265517566, 'beta_swing_mean': -2.784159683664247, 'n_cycles': 283, 'n_brain_ics': 9, 'baseline_ok': True, 'use_asr': True, 'brain_thresh': 0.9, 'highpass_hz': 0.1, 'lowpass_hz': 40, 'baseline_type': 'walking_mean', 'universe_id': 26}, {'subject': 'S4', 't_stat': 0.25789809831643234, 't_pval': 0.7966653712110926, 'beta_stance_mean': -2.5787285699254596, 'beta_swing_mean': -2.6106356482335356, 'n_cycles': 296, 'n_brain_ics': 4, 'baseline_ok': True, 'use_asr': True, 'brain_thresh': 0.9, 'highpass_hz': 0.1, 'lowpass_hz': 40, 'baseline_type': 'walking_mean', 'universe_id': 26}]	[1.6311120465776379, 0.252153594453492, 0.25789809831643234]
universe_27	{'Decision 1': 'use_asr', 'Value 1': True, 'Decision 2': 'brain_thresh', 'Value 2': 0.9, 'Decision 3': 'highpass_hz', 'Value 3': 0.1, 'Decision 4': 'lowpass_hz', 'Value 4': nan, 'Decision 5': 'baseline_type', 'Value 5': 'standing'}	27	{'use_asr': True, 'brain_thresh': 0.9, 'highpass_hz': 0.1, 'lowpass_hz': None, 'baseline_type': 'standing'}	3	2.11595918512372	5.1289381625016315	0.5834381468873745	0.6186271521830287	[{'subject': 'S1', 't_stat': 9.27112251818148, 't_pval': 3.6786270563015056e-18, 'beta_stance_mean': 0.3159655199056172, 'beta_swing_mean': -0.7905478047532499, 'n_cycles': 302, 'n_brain_ics': 6, 'baseline_ok': True, 'use_asr': True, 'brain_thresh': 0.9, 'highpass_hz': 0.1, 'lowpass_hz': None, 'baseline_type': 'standing', 'universe_id': 27}, {'subject': 'S3', 't_stat': -0.4312156345248929, 't_pval': 0.6666410352501263, 'beta_stance_mean': -3.5122627492599476, 'beta_swing_mean': -3.4570639100642753, 'n_cycles': 283, 'n_brain_ics': 11, 'baseline_ok': True, 'use_asr': True, 'brain_thresh': 0.9, 'highpass_hz': 0.1, 'lowpass_hz': None, 'baseline_type': 'standing', 'universe_id': 27}, {'subject': 'S4', 't_stat': -2.492029328285427, 't_pval': 0.013250483454626651, 'beta_stance_mean': -3.0171740759381587, 'beta_swing_mean': -2.6928189976065333, 'n_cycles': 296, 'n_brain_ics': 6, 'baseline_ok': True, 'use_asr': True, 'brain_thresh': 0.9, 'highpass_hz': 0.1, 'lowpass_hz': None, 'baseline_type': 'standing', 'universe_id': 27}]	[9.27112251818148, -0.4312156345248929, -2.492029328285427]
universe_28	{'Decision 1': 'use_asr', 'Value 1': True, 'Decision 2': 'brain_thresh', 'Value 2': 0.9, 'Decision 3': 'highpass_hz', 'Value 3': 0.1, 'Decision 4': 'lowpass_hz', 'Value 4': nan, 'Decision 5': 'baseline_type', 'Value 5': 'walking_mean'}	28	{'use_asr': True, 'brain_thresh': 0.9, 'highpass_hz': 0.1, 'lowpass_hz': None, 'baseline_type': 'walking_mean'}	3	2.1159591851237205	5.128938162501631	0.5834381468873747	0.6186271521830286	[{'subject': 'S1', 't_stat': 9.27112251818148, 't_pval': 3.6786270563015056e-18, 'beta_stance_mean': -2.4443267427164845, 'beta_swing_mean': -3.5508400673753515, 'n_cycles': 302, 'n_brain_ics': 6, 'baseline_ok': True, 'use_asr': True, 'brain_thresh': 0.9, 'highpass_hz': 0.1, 'lowpass_hz': None, 'baseline_type': 'walking_mean', 'universe_id': 28}, {'subject': 'S3', 't_stat': -0.4312156345248935, 't_pval': 0.666641035250126, 'beta_stance_mean': -2.6905969787970228, 'beta_swing_mean': -2.6353981396013495, 'n_cycles': 283, 'n_brain_ics': 11, 'baseline_ok': True, 'use_asr': True, 'brain_thresh': 0.9, 'highpass_hz': 0.1, 'lowpass_hz': None, 'baseline_type': 'walking_mean', 'universe_id': 28}, {'subject': 'S4', 't_stat': -2.4920293282854264, 't_pval': 0.013250483454626675, 'beta_stance_mean': -2.769788264150607, 'beta_swing_mean': -2.445433185818981, 'n_cycles': 296, 'n_brain_ics': 6, 'baseline_ok': True, 'use_asr': True, 'brain_thresh': 0.9, 'highpass_hz': 0.1, 'lowpass_hz': None, 'baseline_type': 'walking_mean', 'universe_id': 28}]	[9.27112251818148, -0.4312156345248935, -2.4920293282854264]
universe_29	{'Decision 1': 'use_asr', 'Value 1': True, 'Decision 2': 'brain_thresh', 'Value 2': 0.9, 'Decision 3': 'highpass_hz', 'Value 3': 2.0, 'Decision 4': 'lowpass_hz', 'Value 4': 40.0, 'Decision 5': 'baseline_type', 'Value 5': 'standing'}	29	{'use_asr': True, 'brain_thresh': 0.9, 'highpass_hz': 2.0, 'lowpass_hz': 40, 'baseline_type': 'standing'}	3	-0.24658174083218973	1.0403708203277449	-0.33518744980620885	0.7693758699162931	[{'subject': 'S1', 't_stat': -0.20979904333224245, 't_pval': 0.833966451409297, 'beta_stance_mean': -3.3987056374981277, 'beta_swing_mean': -3.3718905190311586, 'n_cycles': 302, 'n_brain_ics': 9, 'baseline_ok': True, 'use_asr': True, 'brain_thresh': 0.9, 'highpass_hz': 2.0, 'lowpass_hz': 40, 'baseline_type': 'standing', 'universe_id': 29}, {'subject': 'S3', 't_stat': 1.0088174899706952, 't_pval': 0.31392698360170335, 'beta_stance_mean': -4.345747056840902, 'beta_swing_mean': -4.47784093477877, 'n_cycles': 283, 'n_brain_ics': 12, 'baseline_ok': True, 'use_asr': True, 'brain_thresh': 0.9, 'highpass_hz': 2.0, 'lowpass_hz': 40, 'baseline_type': 'standing', 'universe_id': 29}, {'subject': 'S4', 't_stat': -1.538763669135022, 't_pval': 0.12493390330309481, 'beta_stance_mean': -2.8430684389824714, 'beta_swing_mean': -2.650672270455791, 'n_cycles': 296, 'n_brain_ics': 8, 'baseline_ok': True, 'use_asr': True, 'brain_thresh': 0.9, 'highpass_hz': 2.0, 'lowpass_hz': 40, 'baseline_type': 'standing', 'universe_id': 29}]	[-0.20979904333224245, 1.0088174899706952, -1.538763669135022]
universe_30	{'Decision 1': 'use_asr', 'Value 1': True, 'Decision 2': 'brain_thresh', 'Value 2': 0.9, 'Decision 3': 'highpass_hz', 'Value 3': 2.0, 'Decision 4': 'lowpass_hz', 'Value 4': 40.0, 'Decision 5': 'baseline_type', 'Value 5': 'walking_mean'}	30	{'use_asr': True, 'brain_thresh': 0.9, 'highpass_hz': 2.0, 'lowpass_hz': 40, 'baseline_type': 'walking_mean'}	3	-0.24658174083218967	1.0403708203277446	-0.33518744980620885	0.7693758699162931	[{'subject': 'S1', 't_stat': -0.20979904333224256, 't_pval': 0.8339664514092969, 'beta_stance_mean': -2.799831477356025, 'beta_swing_mean': -2.773016358889057, 'n_cycles': 302, 'n_brain_ics': 9, 'baseline_ok': True, 'use_asr': True, 'brain_thresh': 0.9, 'highpass_hz': 2.0, 'lowpass_hz': 40, 'baseline_type': 'walking_mean', 'universe_id': 30}, {'subject': 'S3', 't_stat': 1.0088174899706952, 't_pval': 0.31392698360170335, 'beta_stance_mean': -2.6672379247783575, 'beta_swing_mean': -2.7993318027162255, 'n_cycles': 283, 'n_brain_ics': 12, 'baseline_ok': True, 'use_asr': True, 'brain_thresh': 0.9, 'highpass_hz': 2.0, 'lowpass_hz': 40, 'baseline_type': 'walking_mean', 'universe_id': 30}, {'subject': 'S4', 't_stat': -1.5387636691350217, 't_pval': 0.12493390330309481, 'beta_stance_mean': -2.6234246011162075, 'beta_swing_mean': -2.4310284325895273, 'n_cycles': 296, 'n_brain_ics': 8, 'baseline_ok': True, 'use_asr': True, 'brain_thresh': 0.9, 'highpass_hz': 2.0, 'lowpass_hz': 40, 'baseline_type': 'walking_mean', 'universe_id': 30}]	[-0.20979904333224256, 1.0088174899706952, -1.5387636691350217]
universe_31	{'Decision 1': 'use_asr', 'Value 1': True, 'Decision 2': 'brain_thresh', 'Value 2': 0.9, 'Decision 3': 'highpass_hz', 'Value 3': 2.0, 'Decision 4': 'lowpass_hz', 'Value 4': nan, 'Decision 5': 'baseline_type', 'Value 5': 'standing'}	31	{'use_asr': True, 'brain_thresh': 0.9, 'highpass_hz': 2.0, 'lowpass_hz': None, 'baseline_type': 'standing'}	3	0.5337061405370224	0.6147162988449099	1.2278419552036057	0.344401887945308	[{'subject': 'S1', 't_stat': 0.38908637429460585, 't_pval': 0.6974873605874826, 'beta_stance_mean': -4.22279772519262, 'beta_swing_mean': -4.269825508090266, 'n_cycles': 302, 'n_brain_ics': 12, 'baseline_ok': True, 'use_asr': True, 'brain_thresh': 0.9, 'highpass_hz': 2.0, 'lowpass_hz': None, 'baseline_type': 'standing', 'universe_id': 31}, {'subject': 'S3', 't_stat': 1.3483960035252582, 't_pval': 0.17861301253255737, 'beta_stance_mean': -4.247521559242998, 'beta_swing_mean': -4.424897869881422, 'n_cycles': 283, 'n_brain_ics': 13, 'baseline_ok': True, 'use_asr': True, 'brain_thresh': 0.9, 'highpass_hz': 2.0, 'lowpass_hz': None, 'baseline_type': 'standing', 'universe_id': 31}, {'subject': 'S4', 't_stat': -0.136363956208797, 't_pval': 0.8916265772093439, 'beta_stance_mean': -2.947285295377622, 'beta_swing_mean': -2.929968347137561, 'n_cycles': 296, 'n_brain_ics': 6, 'baseline_ok': True, 'use_asr': True, 'brain_thresh': 0.9, 'highpass_hz': 2.0, 'lowpass_hz': None, 'baseline_type': 'standing', 'universe_id': 31}]	[0.38908637429460585, 1.3483960035252582, -0.136363956208797]
universe_32	{'Decision 1': 'use_asr', 'Value 1': True, 'Decision 2': 'brain_thresh', 'Value 2': 0.9, 'Decision 3': 'highpass_hz', 'Value 3': 2.0, 'Decision 4': 'lowpass_hz', 'Value 4': nan, 'Decision 5': 'baseline_type', 'Value 5': 'walking_mean'}	32	{'use_asr': True, 'brain_thresh': 0.9, 'highpass_hz': 2.0, 'lowpass_hz': None, 'baseline_type': 'walking_mean'}	3	0.5337061405370221	0.6147162988449099	1.2278419552036053	0.3444018879453081	[{'subject': 'S1', 't_stat': 0.38908637429460585, 't_pval': 0.6974873605874826, 'beta_stance_mean': -2.6431938523939875, 'beta_swing_mean': -2.690221635291633, 'n_cycles': 302, 'n_brain_ics': 12, 'baseline_ok': True, 'use_asr': True, 'brain_thresh': 0.9, 'highpass_hz': 2.0, 'lowpass_hz': None, 'baseline_type': 'walking_mean', 'universe_id': 32}, {'subject': 'S3', 't_stat': 1.348396003525258, 't_pval': 0.17861301253255754, 'beta_stance_mean': -2.6261222185890123, 'beta_swing_mean': -2.803498529227435, 'n_cycles': 283, 'n_brain_ics': 13, 'baseline_ok': True, 'use_asr': True, 'brain_thresh': 0.9, 'highpass_hz': 2.0, 'lowpass_hz': None, 'baseline_type': 'walking_mean', 'universe_id': 32}, {'subject': 'S4', 't_stat': -0.13636395620879743, 't_pval': 0.8916265772093436, 'beta_stance_mean': -2.582995725693334, 'beta_swing_mean': -2.565678777453273, 'n_cycles': 296, 'n_brain_ics': 6, 'baseline_ok': True, 'use_asr': True, 'brain_thresh': 0.9, 'highpass_hz': 2.0, 'lowpass_hz': None, 'baseline_type': 'walking_mean', 'universe_id': 32}]	[0.38908637429460585, 1.348396003525258, -0.13636395620879743]
